-- Adminer 5.4.2 PostgreSQL 18.4 dump

INSERT INTO "Plate" ("id", "number") VALUES
(1,	1),
(2,	2),
(3,	3),
(4,	4);

INSERT INTO "Preptime" ("id", "time") VALUES
(1,	'15min'),
(2,	'30min'),
(3,	'45min'),
(4,	'1h'),
(5,	'1h30'),
(6,	'2h'),
(7,	'2h30');

INSERT INTO "Color" ("id", "code") VALUES
(1,	'#E2E6EB'),
(2,	'#F2F8FF'),
(3,	'#EED4DB'),
(4,	'#FF7779'),
(5,	'#B20007'),
(6,	'#B9BCBF'),
(7,	'#627387'),
(8,	'#355070');

INSERT INTO "Theme" ("id", "name") VALUES
(1,	'Défaut');

INSERT INTO "Theme_Color" ("theme_id", "color_id") VALUES
(1,	1),
(1,	2),
(1,	3),
(1,	4),
(1,	5),
(1,	6),
(1,	7),
(1,	8);

INSERT INTO "User" ("id", "email", "theme_id") VALUES
(1,	'timeuh@mail.com',	1);

INSERT INTO "Food" ("id", "name", "image", "plate_id", "preptime_id", "user_id") VALUES
(1,	'Lasagnes',	'/uploads/foods/1_lasagnes.jpg',	4,	6,	1),
(2,	'Pâtes bolognaise',	'/uploads/foods/1_pates_bolognaise.jpg',	2,	4,	1),
(3,	'Poissemoule',	'/uploads/foods/1_poissemoule.jpg',	1,	1,	1),
(5,	'Couscous boulettes',	'/uploads/foods/1_couscous_boulettes.jpg',	2,	2,	1),
(6,	'Pizza',	'/uploads/foods/1_pizza.png',	1,	2,	1),
(7,	'Poulet curry',	'/uploads/foods/1_poulet_curry.jpg',	1,	2,	1),
(8,	'Hamburger frites',	'/uploads/foods/1_hamburger_frites.jpg',	1,	2,	1),
(10,	'Pâtes carbonara',	'/uploads/foods/1_pates_carbonara.jpg',	1,	2,	1),
(11,	'Poisson pané',	'/uploads/foods/1_poisson_pane.png',	1,	1,	1),
(9,	'Nems samossas',	'/uploads/foods/1_nems_samossas.jpg',	1,	2,	1),
(4,	'Cordon bleu petits pois carottes',	'/uploads/foods/1_cordon_bleu_petits_pois_carottes.jpg',	1,	1,	1),
(12,	'Saumon riz',	'/uploads/foods/1_saumon_riz.jpg',	1,	2,	1),
(13,	'Sushis',	'/uploads/foods/1_sushis.png',	1,	2,	1),
(14,	'Raclette',	'/uploads/foods/1_raclette.jpg',	2,	3,	1),
(15,	'Poulet pané légumes',	'/uploads/foods/1_poulet_pane_legumes.jpg',	1,	1,	1);

INSERT INTO "Ingredient" ("id", "name") VALUES
(1,	'carotte'),
(2,	'oignon'),
(3,	'poivron'),
(4,	'sauce tomate'),
(5,	'lasagnes'),
(6,	'pâtes'),
(7,	'petits pois carottes'),
(8,	'ratatouille'),
(9,	'couscous'),
(10, 'steak haché'),
(11, 'viande hachée'),
(12, 'poulet'),
(13, 'boulettes'),
(14, 'épices curry'),
(15, 'épices mexicaines'),
(16, 'épices italiennes'),
(17, 'riz'),
(18, 'semoule'),
(19, 'purée'),
(20, 'cordon bleu'),
(21, 'citron'),
(22, 'crème fraîche'),
(23, 'oeuf'),
(24, 'plat préparé'),
(25, 'beurre'),
(26, 'farine'),
(27, 'muscade'),
(28, 'Poisson en sauce'),
(29, 'pains burger'),
(30, 'cornichon'),
(31, 'ketchup'),
(32, 'mayonnaise'),
(33, 'fromage burger'),
(34, 'salade'),
(35, 'lardons'),
(36, 'fromage blanc'),
(37, 'poisson pané'),
(38, 'saumon'),
(39, 'fromage raclette'),
(40, 'patate'),
(41, 'bacon'),
(42, 'frites'),
(43, 'potatoes'),
(44, 'poulet pané');

INSERT INTO "Food_Ingredient" ("food_id", "ingredient_id") VALUES
(1,	2),
(1,	3),
(1,	4),
(1,	5),
(1,	15),
(1,	11),
(1,	25),
(1,	26),
(1,	27),
(2,	2),
(2,	3),
(2,	4),
(2,	6),
(2,	11),
(2,	16),
(3,	28),
(3,	18),
(3,	22),
(3,	21),
(4,	20),
(4,	7),
(5,	9),
(5,	18),
(5,	13),
(6,	24),
(7,	12),
(7,	17),
(7,	14),
(8,	10),
(8,	29),
(8,	30),
(8,	31),
(8,	32),
(8,	33),
(8,	34),
(9,	24),
(10, 2),
(10, 6),
(10, 22),
(10, 35),
(10, 36),
(11, 37),
(11, 17),
(11, 18),
(12, 38),
(12, 17),
(13, 24),
(8,	41),
(8,	42),
(8,	43),
(14, 40),
(14, 41),
(14, 39),
(15, 44),
(15, 8);

INSERT INTO "Calendar" ("id", "date", "food_id") VALUES
(1,	'2026-05-01 12:00:00',	1),
(2,	'2026-05-01 12:00:00',	2),
(3,	'2026-05-01 12:00:00',	3),
(4,	'2026-05-15 12:00:00',	4),
(5,	'2026-05-31 12:00:00',	5),
(6,	'2026-06-01 12:00:00',	6),
(7,	'2026-06-10 12:00:00',	7),
(8,	'2026-06-15 12:00:00',	8),
(9,	'2026-06-20 12:00:00',	9),
(10, '2026-06-25 12:00:00',	10),
(11, '2026-06-25 12:00:00',	11),
(12, '2026-06-26 12:00:00',	12),
(13, '2026-06-28 12:00:00',	13),
(14, '2026-06-28 12:00:00',	14),
(15, '2026-06-30 12:00:00',	15);

-- 2026-06-30 17:59:07 UTC
